1001,1001,Suzanne,Viescas
1002,1002,William,Thompson
1003,1003,Gary,Hallmark
1004,1004,Robert,Brown
1005,1005,Dean,McCrae
1006,1006,John,Viescas
1007,1007,Mariya,Sergienko
1008,1008,Neil,Patterson
1009,1009,Andrew,Cencini
1010,1010,Angel,Kennedy
1011,1011,Alaina,Hallmark
1012,1012,Liz,Keyser
1013,1013,Rachel,Patterson
1014,1014,Sam,Abolrous
1015,1015,Darren,Gehring
1016,1016,Jim,Wilson
1017,1017,Manuela,Seidel
1018,1018,David,Smith
1019,1019,Zachary,Ehrlich
1020,1020,Joyce,Bonnicksen
1021,1021,Estella,Pundt
1022,1022,Caleb,Viescas
1023,1023,Julia,Schnebly
1024,1024,Mark,Rosales
1025,1025,Maria,Patterson
1026,1026,Kirk,DeGrasse
1027,1027,Luke,Patterson
